{"cameraMode":{"drawMode":0,"name":"Shaded","section":"Shading Mode"},"sceneLighting":true,"audioPlay":false,"sceneViewState":{"m_AlwaysRefresh":false,"showFog":true,"showSkybox":true,"showFlares":true,"showImageEffects":true,"showParticleSystems":true,"showVisualEffectGraphs":true,"m_FxEnabled":true},"in2DMode":false,"pivot":{"x":-245.41883850097657,"y":-37.194149017333987,"z":-21.15428352355957},"rotation":{"x":0.05729692801833153,"y":-0.7304489016532898,"z":0.061704523861408237,"w":0.6776326298713684},"size":176.24819946289063,"orthographic":false}